epoch,file,metrics/precision(B),metrics/recall(B),metrics/mAP50(B),metrics/mAP50-95(B),metrics/precision(M),metrics/recall(M),metrics/mAP50(M),metrics/mAP50-95(M)
0,best,0.09419152276295134,0.22857142857142856,0.11273606998070879,0.05571582246864472,0.09654631083202511,0.2342857142857143,0.11551641362804974,0.0521787598804105
1,epoch1,0.02127659574468085,0.0019047619047619048,0.01090915682498434,0.006545494094990603,0.02127659574468085,0.0019047619047619048,0.01090915682498434,0.0043636627299937355
2,epoch2,0.09419152276295134,0.22857142857142856,0.11273606998070879,0.05571582246864472,0.09654631083202511,0.2342857142857143,0.11551641362804974,0.0521787598804105
N,last,0.09419152276295134,0.22857142857142856,0.11273606998070879,0.05571582246864472,0.09654631083202511,0.2342857142857143,0.11551641362804974,0.0521787598804105
